aircraft_id,registration,model,manufacturer,icao_type_code,owner
1,VT-AAA,A320-251N,Airbus,A20N,IndiGo
2,VT-AAB,A321-251NX,Airbus,A21N,IndiGo
3,VT-AAC,A320-214,Airbus,A320,Air India
4,VT-AAD,A321-252NX,Airbus,A21N,Air India
5,VT-AAE,A320-251N,Airbus,A20N,Air India Express
6,VT-AAF,B737-8,Boeing,B38M,Akasa Air
7,VT-AAG,B737-8,Boeing,B38M,Akasa Air
8,VT-AAH,A320-214,Airbus,A320,Vistara
9,VT-AAJ,A320-251N,Airbus,A20N,IndiGo
10,VT-AAK,A321-251NX,Airbus,A21N,IndiGo
11,VT-AAL,A320-251N,Airbus,A20N,IndiGo
12,VT-AAM,A320-214,Airbus,A320,Air India Express
13,VT-AAN,B737-8,Boeing,B38M,SpiceJet
14,VT-AAO,B737-800,Boeing,B738,SpiceJet
15,VT-AAP,ATR 72-600,ATR,AT76,IndiGo
16,VT-AAQ,ATR 72-600,ATR,AT76,Alliance Air
17,VT-AAR,ATR 72-600,ATR,AT76,IndiGo
18,VT-AAS,A320-251N,Airbus,A20N,IndiGo
19,VT-AAT,A321-251NX,Airbus,A21N,IndiGo
20,VT-AAU,A320-214,Airbus,A320,Air India
21,VT-AAV,A350-941,Airbus,A359,Air India
22,VT-AAW,B787-9,Boeing,B789,Air India
23,VT-AAX,A320-251N,Airbus,A20N,IndiGo
24,VT-AAY,A321-251NX,Airbus,A21N,IndiGo
25,VT-AAZ,B737-8,Boeing,B38M,Akasa Air
26,VT-ABA,A320-251N,Airbus,A20N,IndiGo
27,VT-ABB,A320-214,Airbus,A320,Air India Express
28,VT-ABC,A321-251NX,Airbus,A21N,IndiGo
29,VT-ABD,ATR 72-600,ATR,AT76,Alliance Air
30,VT-ABE,A320-251N,Airbus,A20N,IndiGo
31,VT-ABF,B737-800,Boeing,B738,SpiceJet
32,VT-ABG,A320-214,Airbus,A320,Air India
33,VT-ABH,A320-251N,Airbus,A20N,IndiGo
34,VT-ABJ,A321-251NX,Airbus,A21N,IndiGo
35,VT-ABK,B737-8,Boeing,B38M,Akasa Air
36,VT-ABL,A320-251N,Airbus,A20N,IndiGo
37,VT-ABM,ATR 72-600,ATR,AT76,IndiGo
38,VT-ABN,A320-214,Airbus,A320,Air India Express
39,VT-ABO,A321-251NX,Airbus,A21N,Air India
40,VT-ABP,B737-800,Boeing,B738,SpiceJet
41,VT-ABQ,A320-251N,Airbus,A20N,IndiGo
42,VT-ABR,A320-214,Airbus,A320,Air India
43,VT-ABS,A321-251NX,Airbus,A21N,IndiGo
44,VT-ABT,ATR 72-600,ATR,AT76,Alliance Air
