airport_id,icao_code,iata_code,name,city,state,country,continent,latitude,longitude,timezone,airport_type
1,VIDP,DEL,Indira Gandhi International Airport,Delhi,Delhi,India,Asia,28.5562,77.1,Asia/Kolkata,International
2,VABB,BOM,Chhatrapati Shivaji Maharaj International Airport,Mumbai,Maharashtra,India,Asia,19.0896,72.8656,Asia/Kolkata,International
3,VOBL,BLR,Kempegowda International Airport,Bengaluru,Karnataka,India,Asia,13.1986,77.7066,Asia/Kolkata,International
4,VOMM,MAA,Chennai International Airport,Chennai,Tamil Nadu,India,Asia,12.9941,80.1709,Asia/Kolkata,International
5,VOHS,HYD,Rajiv Gandhi International Airport,Hyderabad,Telangana,India,Asia,17.2403,78.4294,Asia/Kolkata,International
6,VECC,CCU,Netaji Subhas Chandra Bose International Airport,Kolkata,West Bengal,India,Asia,22.6547,88.4467,Asia/Kolkata,Domestic
7,VAAH,AMD,Sardar Vallabhbhai Patel International Airport,Ahmedabad,Gujarat,India,Asia,23.0772,72.6347,Asia/Kolkata,Domestic
8,VOCI,COK,Cochin International Airport,Kochi,Kerala,India,Asia,10.152,76.4019,Asia/Kolkata,Domestic
9,VIAR,ATQ,Sri Guru Ram Dass Jee International Airport,Amritsar,Punjab,India,Asia,31.7096,74.7973,Asia/Kolkata,Domestic
10,VEBS,BBI,Biju Patnaik International Airport,Bhubaneswar,Odisha,India,Asia,20.2444,85.8178,Asia/Kolkata,Domestic
11,VOBZ,VGA,Vijayawada International Airport,Vijayawada,Andhra Pradesh,India,Asia,16.5304,80.7968,Asia/Kolkata,Domestic
12,VILK,LKO,Chaudhary Charan Singh International Airport,Lucknow,Uttar Pradesh,India,Asia,26.7606,80.8893,Asia/Kolkata,Domestic
13,VIJP,JAI,Jaipur International Airport,Jaipur,Rajasthan,India,Asia,26.8242,75.8122,Asia/Kolkata,Domestic
14,VAPO,PNQ,Pune Airport,Pune,Maharashtra,India,Asia,18.5793,73.9089,Asia/Kolkata,Domestic
15,VEGT,GAU,Lokpriya Gopinath Bordoloi International Airport,Guwahati,Assam,India,Asia,26.1061,91.5859,Asia/Kolkata,Domestic
