delay_id,airport_iata,delay_date,total_flights,delayed_flights,avg_delay_min,median_delay_min,canceled_flights
1,DEL,2026-09-23,314,70,17,9,2
2,BOM,2026-09-23,270,30,8,4,6
3,BLR,2026-09-23,225,52,43,33,2
4,MAA,2026-09-23,196,16,14,11,3
5,HYD,2026-09-23,369,81,18,16,11
6,CCU,2026-09-23,373,54,26,16,2
7,AMD,2026-09-23,217,45,25,19,4
8,COK,2026-09-23,132,11,44,34,0
9,ATQ,2026-09-23,306,40,45,38,4
10,BBI,2026-09-23,353,34,34,29,0
11,VGA,2026-09-23,189,45,11,4,3
12,LKO,2026-09-23,135,13,42,40,4
13,JAI,2026-09-23,181,31,20,10,4
14,PNQ,2026-09-23,418,97,38,30,9
15,GAU,2026-09-23,170,21,25,22,5
16,DEL,2026-09-24,361,84,26,24,2
17,BOM,2026-09-24,360,45,40,35,7
18,BLR,2026-09-24,245,30,18,14,0
19,MAA,2026-09-24,222,40,21,19,2
20,HYD,2026-09-24,244,14,34,29,6
21,CCU,2026-09-24,373,65,33,28,8
22,AMD,2026-09-24,267,41,26,24,8
23,COK,2026-09-24,207,11,14,13,2
24,ATQ,2026-09-24,296,57,37,36,2
25,BBI,2026-09-24,378,33,38,30,1
26,VGA,2026-09-24,360,38,18,17,10
27,LKO,2026-09-24,244,35,29,22,6
28,JAI,2026-09-24,102,5,29,28,0
29,PNQ,2026-09-24,284,31,9,3,0
30,GAU,2026-09-24,118,23,12,6,3
31,DEL,2026-09-25,206,28,10,3,1
32,BOM,2026-09-25,406,58,31,21,9
33,BLR,2026-09-25,380,53,19,13,11
34,MAA,2026-09-25,288,25,25,15,3
35,HYD,2026-09-25,340,53,46,39,0
36,CCU,2026-09-25,259,20,20,14,3
37,AMD,2026-09-25,379,29,42,37,7
38,COK,2026-09-25,220,49,10,3,2
39,ATQ,2026-09-25,175,32,10,3,4
40,BBI,2026-09-25,310,69,37,30,1
41,VGA,2026-09-25,281,46,26,16,6
42,LKO,2026-09-25,99,6,17,11,2
43,JAI,2026-09-25,92,19,17,9,0
44,PNQ,2026-09-25,184,20,17,12,5
45,GAU,2026-09-25,161,13,10,8,3
