flight_id,flight_number,aircraft_registration,origin_iata,destination_iata,scheduled_departure,actual_departure,scheduled_arrival,actual_arrival,status,airline_code
FT202609240001,6E9382,VT-ABM,AMD,DEL,2026-09-23 21:00:00,2026-09-23 22:26:00,2026-09-23 22:38:00,,Delayed,6E
FT202609230002,6E9652,VT-AAA,LKO,DEL,2026-09-23 21:20:00,2026-09-23 21:27:00,2026-09-23 22:33:00,2026-09-23 22:47:00,Landed,6E
FT202609240003,6E7082,VT-AAR,HYD,DEL,2026-09-23 21:20:00,2026-09-23 21:57:00,2026-09-23 23:34:00,,Delayed,6E
FT202609230004,6E6024,VT-AAX,DEL,PNQ,2026-09-23 07:00:00,2026-09-23 07:14:00,2026-09-23 09:20:00,2026-09-23 09:33:00,Landed,6E
FT202609250005,AI8512,VT-ABG,ATQ,DEL,2026-09-25 17:40:00,2026-09-25 17:41:00,2026-09-25 18:51:00,,Departed,AI
FT202609250006,UK7307,VT-AAH,AMD,BOM,2026-09-23 10:00:00,2026-09-23 10:35:00,2026-09-23 11:17:00,,Delayed,UK
FT202609240007,9I8088,VT-ABD,BLR,HYD,2026-09-25 07:20:00,2026-09-25 07:35:00,2026-09-25 08:17:00,2026-09-25 08:24:00,Landed,9I
FT202609230008,6E5860,VT-ABS,HYD,VGA,2026-09-24 19:40:00,2026-09-24 19:49:00,2026-09-24 20:45:00,2026-09-24 21:08:00,Landed,6E
FT202609250009,UK7002,VT-AAH,CCU,DEL,2026-09-24 18:00:00,2026-09-24 18:16:00,2026-09-24 20:18:00,2026-09-24 20:22:00,Landed,UK
FT202609230010,SG5507,VT-ABF,BOM,AMD,2026-09-25 08:30:00,2026-09-25 08:43:00,2026-09-25 09:47:00,2026-09-25 09:51:00,Landed,SG
FT202609230011,6E2740,VT-ABS,COK,MAA,2026-09-23 11:50:00,2026-09-23 12:26:00,2026-09-23 12:52:00,,Delayed,6E
FT202609240012,AI7615,VT-ABO,GAU,DEL,2026-09-25 07:00:00,2026-09-25 07:08:00,2026-09-25 09:44:00,2026-09-25 09:48:00,Landed,AI
FT202609250013,QP1563,VT-AAF,BLR,BOM,2026-09-23 08:20:00,2026-09-23 08:31:00,2026-09-23 09:57:00,2026-09-23 10:14:00,Landed,QP
FT202609240014,6E5934,VT-ABQ,ATQ,DEL,2026-09-24 05:20:00,2026-09-24 05:25:00,2026-09-24 06:50:00,2026-09-24 07:06:00,Landed,6E
FT202609250015,QP8203,VT-AAG,VGA,HYD,2026-09-24 15:30:00,,2026-09-24 16:26:00,,Scheduled,QP
FT202609230016,AI5449,VT-AAD,LKO,DEL,2026-09-23 11:30:00,2026-09-23 11:32:00,2026-09-23 12:42:00,,Departed,AI
FT202609230017,AI4133,VT-ABO,HYD,VGA,2026-09-24 20:00:00,2026-09-24 20:15:00,2026-09-24 21:26:00,2026-09-24 21:35:00,Landed,AI
FT202609230018,6E5429,VT-AAY,BLR,MAA,2026-09-24 06:20:00,2026-09-24 06:23:00,2026-09-24 07:37:00,,Departed,6E
FT202609230019,6E9268,VT-AAL,MAA,HYD,2026-09-24 11:40:00,,2026-09-24 13:01:00,,Scheduled,6E
FT202609240020,AI6044,VT-AAC,BOM,BLR,2026-09-24 19:00:00,,2026-09-24 20:56:00,,Scheduled,AI
FT202609230021,6E5587,VT-AAK,BLR,HYD,2026-09-23 12:00:00,2026-09-23 12:08:00,2026-09-23 13:04:00,2026-09-23 13:22:00,Landed,6E
FT202609240022,QP9650,VT-AAG,BOM,HYD,2026-09-23 20:30:00,2026-09-23 20:49:00,2026-09-23 22:13:00,,Delayed,QP
FT202609230023,IX5803,VT-ABN,BOM,HYD,2026-09-24 08:00:00,2026-09-24 08:04:00,2026-09-24 09:35:00,2026-09-24 09:38:00,Landed,IX
FT202609250024,6E7277,VT-ABA,BBI,CCU,2026-09-24 06:00:00,2026-09-24 06:14:00,2026-09-24 07:21:00,2026-09-24 07:24:00,Landed,6E
FT202609230025,AI918,VT-AAC,LKO,DEL,2026-09-23 06:20:00,,2026-09-23 07:30:00,,Scheduled,AI
FT202609230026,6E4313,VT-ABM,CCU,GAU,2026-09-23 18:40:00,2026-09-23 18:49:00,2026-09-23 19:59:00,2026-09-23 20:06:00,Landed,6E
FT202609250027,UK7938,VT-AAH,MAA,BOM,2026-09-23 10:40:00,2026-09-23 10:56:00,2026-09-23 12:24:00,2026-09-23 12:35:00,Landed,UK
FT202609240028,6E2634,VT-AAR,DEL,HYD,2026-09-23 06:50:00,,2026-09-23 09:06:00,,Scheduled,6E
FT202609250029,QP4772,VT-AAZ,BOM,PNQ,2026-09-23 16:00:00,2026-09-23 16:11:00,2026-09-23 16:46:00,2026-09-23 16:46:00,Landed,QP
FT202609230030,6E8190,VT-ABH,BOM,PNQ,2026-09-23 10:20:00,2026-09-23 10:27:00,2026-09-23 11:27:00,2026-09-23 11:27:00,Landed,6E
FT202609240031,6E8627,VT-ABQ,MAA,DEL,2026-09-24 22:50:00,2026-09-24 22:50:00,2026-09-25 01:41:00,2026-09-25 02:01:00,Landed,6E
FT202609250032,SG4815,VT-ABF,HYD,BOM,2026-09-23 05:20:00,2026-09-23 05:35:00,2026-09-23 07:02:00,2026-09-23 07:16:00,Landed,SG
FT202609250033,AI8398,VT-AAU,BOM,AMD,2026-09-24 21:10:00,,2026-09-24 22:12:00,,Canceled,AI
FT202609240034,AI6216,VT-ABO,AMD,BOM,2026-09-25 14:00:00,2026-09-25 14:04:00,2026-09-25 14:51:00,2026-09-25 14:51:00,Landed,AI
FT202609240035,IX8970,VT-ABN,BOM,DEL,2026-09-23 09:30:00,2026-09-23 09:34:00,2026-09-23 11:49:00,2026-09-23 11:53:00,Landed,IX
FT202609230036,6E5774,VT-AAP,DEL,BOM,2026-09-24 06:00:00,2026-09-24 06:03:00,2026-09-24 08:20:00,2026-09-24 08:31:00,Landed,6E
FT202609230037,AI3894,VT-AAD,LKO,JAI,2026-09-25 06:40:00,2026-09-25 06:55:00,2026-09-25 08:16:00,2026-09-25 08:23:00,Landed,AI
FT202609240038,6E819,VT-ABJ,JAI,DEL,2026-09-23 12:50:00,,2026-09-23 13:37:00,,Scheduled,6E
FT202609230039,SG1927,VT-ABF,DEL,BOM,2026-09-23 07:40:00,2026-09-23 07:54:00,2026-09-23 09:54:00,2026-09-23 09:55:00,Landed,SG
FT202609230040,QP2146,VT-ABK,CCU,GAU,2026-09-25 14:30:00,2026-09-25 14:38:00,2026-09-25 15:52:00,2026-09-25 15:52:00,Landed,QP
FT202609240041,AI6369,VT-AAU,DEL,BLR,2026-09-23 18:10:00,,2026-09-23 20:55:00,,Scheduled,AI
FT202609230042,QP5239,VT-ABK,DEL,LKO,2026-09-24 19:00:00,2026-09-24 19:13:00,2026-09-24 20:02:00,2026-09-24 20:06:00,Landed,QP
FT202609250043,6E2483,VT-ABL,BOM,PNQ,2026-09-23 06:00:00,2026-09-23 06:01:00,2026-09-23 06:53:00,2026-09-23 07:04:00,Landed,6E
FT202609240044,6E9261,VT-AAB,DEL,AMD,2026-09-24 13:00:00,2026-09-24 13:51:00,2026-09-24 14:31:00,,Delayed,6E
FT202609230045,AI8385,VT-AAC,HYD,MAA,2026-09-24 14:40:00,2026-09-24 15:43:00,2026-09-24 16:09:00,,Delayed,AI
FT202609240046,6E7663,VT-ABL,BOM,AMD,2026-09-23 17:20:00,,2026-09-23 18:36:00,,Scheduled,6E
FT202609250047,SG7426,VT-AAO,BOM,AMD,2026-09-24 10:20:00,2026-09-24 10:27:00,2026-09-24 11:29:00,,Departed,SG
FT202609230048,IX2257,VT-AAE,DEL,LKO,2026-09-24 12:10:00,,2026-09-24 13:05:00,,Scheduled,IX
FT202609240049,AI9191,VT-ABG,CCU,BBI,2026-09-24 10:30:00,2026-09-24 11:43:00,2026-09-24 11:51:00,,Delayed,AI
FT202609250050,IX2098,VT-ABN,DEL,BLR,2026-09-24 12:00:00,2026-09-24 12:07:00,2026-09-24 14:54:00,2026-09-24 15:18:00,Landed,IX
FT202609250051,6E590,VT-AAY,COK,MAA,2026-09-25 06:10:00,2026-09-25 06:19:00,2026-09-25 07:35:00,,Departed,6E
FT202609230052,6E1207,VT-AAX,DEL,GAU,2026-09-24 10:00:00,2026-09-24 10:04:00,2026-09-24 12:50:00,,Departed,6E
FT202609250053,UK9273,VT-AAH,PNQ,DEL,2026-09-23 16:30:00,,2026-09-23 18:44:00,,Scheduled,UK
FT202609250054,SG5058,VT-ABP,MAA,BOM,2026-09-25 07:10:00,,2026-09-25 09:05:00,,Canceled,SG
FT202609250055,QP4604,VT-AAZ,HYD,BOM,2026-09-23 12:10:00,2026-09-23 12:20:00,2026-09-23 13:38:00,2026-09-23 13:52:00,Landed,QP
FT202609240056,6E8510,VT-AAL,BLR,HYD,2026-09-25 17:30:00,2026-09-25 17:36:00,2026-09-25 18:27:00,2026-09-25 18:42:00,Landed,6E
FT202609240057,6E1308,VT-ABC,BOM,HYD,2026-09-23 14:10:00,2026-09-23 14:16:00,2026-09-23 15:42:00,2026-09-23 15:56:00,Landed,6E
FT202609230058,6E7261,VT-ABA,BOM,HYD,2026-09-24 07:20:00,2026-09-24 07:38:00,2026-09-24 08:55:00,2026-09-24 09:17:00,Landed,6E
FT202609240059,IX105,VT-ABN,PNQ,DEL,2026-09-23 08:10:00,2026-09-23 08:29:00,2026-09-23 10:04:00,,Delayed,IX
FT202609230060,6E4181,VT-AAB,BOM,BLR,2026-09-23 22:30:00,2026-09-23 22:33:00,2026-09-24 00:11:00,2026-09-24 00:13:00,Landed,6E
FT202609230061,6E2264,VT-ABC,BOM,DEL,2026-09-23 17:30:00,2026-09-23 17:39:00,2026-09-23 19:34:00,2026-09-23 19:53:00,Landed,6E
FT202609250062,AI8914,VT-AAU,PNQ,BOM,2026-09-23 21:20:00,,2026-09-23 22:17:00,,Scheduled,AI
FT202609240063,QP4997,VT-AAG,BOM,PNQ,2026-09-24 16:40:00,,2026-09-24 17:37:00,,Scheduled,QP
FT202609240064,QP1371,VT-AAZ,DEL,LKO,2026-09-25 20:10:00,2026-09-25 21:42:00,2026-09-25 21:27:00,,Delayed,QP
FT202609240065,6E6363,VT-ABA,CCU,DEL,2026-09-23 21:50:00,2026-09-23 21:55:00,2026-09-23 23:45:00,2026-09-23 23:49:00,Landed,6E
FT202609230066,IX2891,VT-ABN,AMD,BOM,2026-09-25 12:00:00,2026-09-25 12:01:00,2026-09-25 13:11:00,,Departed,IX
FT202609240067,6E2599,VT-ABH,COK,BLR,2026-09-25 21:10:00,2026-09-25 22:02:00,2026-09-25 22:11:00,,Delayed,6E
FT202609240068,AI9435,VT-AAD,HYD,MAA,2026-09-24 12:50:00,2026-09-24 13:48:00,2026-09-24 13:58:00,,Delayed,AI
FT202609240069,AI4301,VT-ABG,HYD,BOM,2026-09-24 17:20:00,2026-09-24 18:30:00,2026-09-24 18:50:00,,Delayed,AI
FT202609230070,AI3773,VT-AAU,LKO,DEL,2026-09-24 15:30:00,2026-09-24 15:48:00,2026-09-24 16:33:00,2026-09-24 16:37:00,Landed,AI
FT202609240071,6E4265,VT-ABC,MAA,BOM,2026-09-24 21:40:00,2026-09-24 21:44:00,2026-09-24 23:18:00,2026-09-24 23:40:00,Landed,6E
FT202609230072,QP7914,VT-AAZ,HYD,DEL,2026-09-24 11:20:00,,2026-09-24 13:19:00,,Scheduled,QP
FT202609230073,6E8859,VT-ABC,BLR,COK,2026-09-23 16:10:00,2026-09-23 16:22:00,2026-09-23 17:01:00,2026-09-23 17:04:00,Landed,6E
FT202609230074,IX2711,VT-AAE,COK,BOM,2026-09-25 09:20:00,,2026-09-25 11:31:00,,Scheduled,IX
FT202609230075,6E8128,VT-AAJ,HYD,VGA,2026-09-23 11:20:00,,2026-09-23 12:43:00,,Scheduled,6E
FT202609230076,AI3468,VT-ABG,DEL,GAU,2026-09-24 22:50:00,2026-09-24 23:08:00,2026-09-25 01:37:00,,Departed,AI
FT202609240077,6E9561,VT-AAP,CCU,BBI,2026-09-23 06:50:00,,2026-09-23 08:08:00,,Canceled,6E
FT202609240078,QP8448,VT-AAZ,BOM,BLR,2026-09-24 22:30:00,2026-09-24 23:45:00,2026-09-25 00:18:00,,Delayed,QP
FT202609230079,6E6072,VT-ABS,MAA,BOM,2026-09-23 15:10:00,2026-09-23 15:13:00,2026-09-23 16:46:00,2026-09-23 16:51:00,Landed,6E
FT202609240080,AI4935,VT-ABR,DEL,CCU,2026-09-25 13:00:00,2026-09-25 13:33:00,2026-09-25 15:26:00,,Delayed,AI
FT202609240081,9I7790,VT-ABD,DEL,GAU,2026-09-23 20:20:00,2026-09-23 20:29:00,2026-09-23 22:55:00,2026-09-23 23:02:00,Landed,9I
FT202609250082,6E7515,VT-ABH,DEL,BOM,2026-09-23 12:10:00,2026-09-23 12:21:00,2026-09-23 14:17:00,2026-09-23 14:24:00,Landed,6E
FT202609230083,AI7424,VT-AAD,BOM,PNQ,2026-09-24 16:10:00,2026-09-24 16:23:00,2026-09-24 16:56:00,2026-09-24 16:59:00,Landed,AI
FT202609250084,IX6204,VT-ABB,DEL,AMD,2026-09-24 11:30:00,,2026-09-24 13:02:00,,Canceled,IX
FT202609230085,SG1159,VT-AAO,BOM,PNQ,2026-09-25 19:40:00,2026-09-25 19:41:00,2026-09-25 20:54:00,2026-09-25 21:07:00,Landed,SG
FT202609250086,6E3405,VT-AAR,LKO,DEL,2026-09-24 07:50:00,2026-09-24 08:07:00,2026-09-24 08:42:00,2026-09-24 09:01:00,Landed,6E
FT202609240087,9I6792,VT-ABD,HYD,BOM,2026-09-23 17:40:00,2026-09-23 19:02:00,2026-09-23 19:22:00,,Delayed,9I
FT202609240088,SG7955,VT-AAN,HYD,BLR,2026-09-24 19:20:00,2026-09-24 20:12:00,2026-09-24 20:24:00,,Delayed,SG
FT202609240089,6E4699,VT-AAJ,HYD,MAA,2026-09-25 14:00:00,,2026-09-25 15:26:00,,Scheduled,6E
FT202609230090,QP2737,VT-AAF,GAU,CCU,2026-09-24 16:30:00,2026-09-24 16:37:00,2026-09-24 17:45:00,2026-09-24 17:59:00,Landed,QP
FT202609250091,AI1324,VT-AAV,CCU,DEL,2026-09-23 15:10:00,2026-09-23 15:22:00,2026-09-23 17:16:00,2026-09-23 17:35:00,Landed,AI
FT202609230092,6E309,VT-AAR,CCU,BBI,2026-09-23 19:10:00,2026-09-23 19:10:00,2026-09-23 20:21:00,2026-09-23 20:44:00,Landed,6E
FT202609240093,6E7209,VT-AAX,LKO,JAI,2026-09-24 18:10:00,2026-09-24 18:18:00,2026-09-24 19:50:00,2026-09-24 19:51:00,Landed,6E
FT202609240094,6E7366,VT-AAX,BOM,MAA,2026-09-23 20:20:00,,2026-09-23 22:11:00,,Scheduled,6E
FT202609240095,6E5142,VT-ABQ,MAA,DEL,2026-09-24 08:40:00,2026-09-24 08:57:00,2026-09-24 11:54:00,2026-09-24 12:07:00,Landed,6E
FT202609230096,AI2517,VT-AAV,BLR,DEL,2026-09-24 15:10:00,2026-09-24 15:15:00,2026-09-24 18:12:00,2026-09-24 18:25:00,Landed,AI
FT202609240097,9I6509,VT-ABD,GAU,CCU,2026-09-24 05:00:00,2026-09-24 05:05:00,2026-09-24 06:12:00,2026-09-24 06:32:00,Landed,9I
FT202609230098,6E9000,VT-ABC,HYD,DEL,2026-09-25 17:10:00,2026-09-25 17:28:00,2026-09-25 19:23:00,2026-09-25 19:37:00,Landed,6E
FT202609230099,QP2702,VT-AAF,BLR,HYD,2026-09-24 21:10:00,,2026-09-24 22:27:00,,Scheduled,QP
FT202609240100,QP2513,VT-AAF,BOM,COK,2026-09-23 17:10:00,2026-09-23 17:28:00,2026-09-23 19:17:00,2026-09-23 19:41:00,Landed,QP
FT202609230101,QP578,VT-ABK,LKO,JAI,2026-09-24 06:20:00,2026-09-24 07:39:00,2026-09-24 07:59:00,,Delayed,QP
FT202609240102,AI1807,VT-ABR,LKO,JAI,2026-09-24 20:30:00,2026-09-24 20:34:00,2026-09-24 22:08:00,2026-09-24 22:25:00,Landed,AI
FT202609250103,6E333,VT-AAY,HYD,VGA,2026-09-23 15:50:00,2026-09-23 16:58:00,2026-09-23 17:00:00,,Delayed,6E
FT202609230104,6E691,VT-AAS,PNQ,BOM,2026-09-25 09:00:00,2026-09-25 09:47:00,2026-09-25 10:10:00,,Delayed,6E
FT202609250105,6E6168,VT-ABE,GAU,DEL,2026-09-23 22:50:00,,2026-09-24 01:09:00,,Canceled,6E
FT202609240106,6E3725,VT-ABJ,COK,BOM,2026-09-25 17:40:00,2026-09-25 17:52:00,2026-09-25 19:41:00,2026-09-25 20:01:00,Landed,6E
FT202609230107,IX3191,VT-AAE,CCU,BBI,2026-09-23 15:40:00,2026-09-23 17:07:00,2026-09-23 17:01:00,,Delayed,IX
FT202609240108,AI7353,VT-ABO,DEL,BOM,2026-09-23 16:30:00,2026-09-23 16:48:00,2026-09-23 19:05:00,2026-09-23 19:22:00,Landed,AI
FT202609240109,9I6627,VT-ABT,DEL,CCU,2026-09-23 10:40:00,,2026-09-23 13:05:00,,Scheduled,9I
FT202609250110,6E4122,VT-ABC,BLR,MAA,2026-09-25 18:20:00,2026-09-25 18:37:00,2026-09-25 19:32:00,2026-09-25 19:32:00,Landed,6E
FT202609240111,9I8086,VT-AAQ,BOM,BLR,2026-09-24 10:00:00,2026-09-24 10:05:00,2026-09-24 11:35:00,2026-09-24 11:37:00,Landed,9I
FT202609250112,9I6865,VT-AAQ,DEL,JAI,2026-09-23 22:50:00,2026-09-23 23:01:00,2026-09-24 00:00:00,,Departed,9I
FT202609230113,6E9348,VT-AAL,BOM,COK,2026-09-25 08:30:00,2026-09-25 08:36:00,2026-09-25 10:44:00,2026-09-25 10:48:00,Landed,6E
FT202609250114,AI2825,VT-AAC,DEL,ATQ,2026-09-25 15:00:00,,2026-09-25 16:10:00,,Canceled,AI
FT202609230115,6E4203,VT-AAJ,BLR,DEL,2026-09-25 17:20:00,,2026-09-25 19:58:00,,Scheduled,6E
FT202609230116,6E7894,VT-AAT,BLR,DEL,2026-09-24 13:20:00,,2026-09-24 16:23:00,,Canceled,6E
FT202609240117,AI8264,VT-AAV,DEL,BLR,2026-09-25 14:00:00,2026-09-25 14:41:00,2026-09-25 17:04:00,,Delayed,AI
FT202609250118,QP826,VT-AAG,BLR,DEL,2026-09-25 22:50:00,2026-09-25 23:01:00,2026-09-26 01:42:00,2026-09-26 01:52:00,Landed,QP
FT202609230119,AI9074,VT-AAV,AMD,BOM,2026-09-24 20:30:00,2026-09-24 20:45:00,2026-09-24 21:30:00,2026-09-24 21:52:00,Landed,AI
FT202609230120,6E2897,VT-AAY,HYD,BOM,2026-09-23 22:40:00,2026-09-23 22:48:00,2026-09-24 00:14:00,2026-09-24 00:25:00,Landed,6E
FT202609230121,AI1332,VT-ABR,BLR,HYD,2026-09-24 21:10:00,2026-09-24 21:28:00,2026-09-24 22:19:00,2026-09-24 22:35:00,Landed,AI
FT202609230122,6E7063,VT-AAY,ATQ,DEL,2026-09-25 12:10:00,2026-09-25 13:09:00,2026-09-25 13:18:00,,Delayed,6E
FT202609230123,6E2606,VT-ABM,BOM,PNQ,2026-09-24 21:50:00,2026-09-24 21:57:00,2026-09-24 22:43:00,2026-09-24 22:44:00,Landed,6E
FT202609230124,UK770,VT-AAH,HYD,BOM,2026-09-24 15:20:00,2026-09-24 16:36:00,2026-09-24 16:58:00,,Delayed,UK
FT202609240125,6E579,VT-ABJ,LKO,DEL,2026-09-25 18:40:00,,2026-09-25 19:53:00,,Scheduled,6E
FT202609230126,AI2551,VT-ABG,BOM,DEL,2026-09-24 13:20:00,2026-09-24 13:29:00,2026-09-24 15:27:00,,Departed,AI
FT202609240127,6E8728,VT-AAT,DEL,LKO,2026-09-25 12:20:00,2026-09-25 12:31:00,2026-09-25 13:24:00,2026-09-25 13:36:00,Landed,6E
FT202609250128,6E3009,VT-ABJ,BLR,COK,2026-09-23 20:10:00,2026-09-23 21:13:00,2026-09-23 21:12:00,,Delayed,6E
FT202609250129,AI9266,VT-AAC,JAI,LKO,2026-09-24 09:40:00,,2026-09-24 11:15:00,,Scheduled,AI
FT202609250130,AI9881,VT-AAV,DEL,BOM,2026-09-24 12:20:00,2026-09-24 12:34:00,2026-09-24 14:32:00,2026-09-24 14:49:00,Landed,AI
FT202609230131,6E9646,VT-AAL,BOM,BLR,2026-09-25 09:30:00,2026-09-25 09:37:00,2026-09-25 11:22:00,2026-09-25 11:43:00,Landed,6E
FT202609240132,6E3102,VT-AAL,DEL,MAA,2026-09-24 10:00:00,2026-09-24 11:21:00,2026-09-24 13:04:00,,Delayed,6E
FT202609240133,IX8791,VT-AAM,LKO,DEL,2026-09-23 14:00:00,,2026-09-23 14:57:00,,Canceled,IX
FT202609250134,QP9005,VT-AAF,LKO,JAI,2026-09-23 13:10:00,,2026-09-23 14:45:00,,Canceled,QP
FT202609230135,6E7684,VT-ABS,MAA,BLR,2026-09-23 19:00:00,2026-09-23 20:15:00,2026-09-23 20:08:00,,Delayed,6E
FT202609240136,IX2971,VT-ABN,LKO,JAI,2026-09-25 22:30:00,2026-09-25 23:36:00,2026-09-26 00:02:00,,Delayed,IX
FT202609230137,6E1936,VT-AAK,COK,BLR,2026-09-24 22:00:00,2026-09-24 22:04:00,2026-09-24 23:07:00,,Departed,6E
FT202609230138,6E3025,VT-AAB,CCU,DEL,2026-09-23 19:10:00,2026-09-23 19:22:00,2026-09-23 21:28:00,,Departed,6E
FT202609230139,IX2621,VT-AAM,AMD,DEL,2026-09-23 18:40:00,2026-09-23 18:53:00,2026-09-23 20:20:00,2026-09-23 20:45:00,Landed,IX
FT202609230140,6E9504,VT-AAR,DEL,HYD,2026-09-25 18:40:00,2026-09-25 19:03:00,2026-09-25 20:54:00,,Delayed,6E
FT202609250141,QP3541,VT-AAZ,BOM,COK,2026-09-24 17:20:00,2026-09-24 18:08:00,2026-09-24 19:44:00,,Delayed,QP
FT202609230142,QP4206,VT-AAF,DEL,MAA,2026-09-23 22:20:00,2026-09-23 22:22:00,2026-09-24 01:21:00,2026-09-24 01:32:00,Landed,QP
FT202609250143,AI5780,VT-AAC,BOM,AMD,2026-09-25 20:20:00,2026-09-25 20:27:00,2026-09-25 21:41:00,2026-09-25 21:59:00,Landed,AI
FT202609230144,SG8810,VT-AAO,HYD,BLR,2026-09-24 21:30:00,2026-09-24 21:42:00,2026-09-24 22:29:00,2026-09-24 22:33:00,Landed,SG
FT202609250145,6E3138,VT-ABS,GAU,CCU,2026-09-23 22:20:00,,2026-09-23 23:59:00,,Canceled,6E
FT202609240146,6E8127,VT-ABJ,AMD,DEL,2026-09-25 07:40:00,2026-09-25 07:42:00,2026-09-25 09:10:00,2026-09-25 09:13:00,Landed,6E
FT202609240147,IX3128,VT-ABB,HYD,DEL,2026-09-24 09:00:00,,2026-09-24 11:00:00,,Scheduled,IX
FT202609250148,IX8137,VT-ABB,COK,MAA,2026-09-23 08:50:00,2026-09-23 08:56:00,2026-09-23 10:06:00,2026-09-23 10:28:00,Landed,IX
FT202609240149,IX5076,VT-ABN,MAA,BOM,2026-09-24 19:00:00,2026-09-24 20:24:00,2026-09-24 20:34:00,,Delayed,IX
FT202609240150,6E1677,VT-ABM,AMD,BOM,2026-09-24 15:50:00,2026-09-24 16:27:00,2026-09-24 16:47:00,,Delayed,6E
FT202609230151,6E900,VT-ABC,JAI,LKO,2026-09-25 09:00:00,2026-09-25 09:17:00,2026-09-25 10:11:00,2026-09-25 10:30:00,Landed,6E
FT202609250152,6E5397,VT-AAP,HYD,MAA,2026-09-24 05:50:00,2026-09-24 06:19:00,2026-09-24 07:20:00,,Delayed,6E
FT202609230153,AI590,VT-AAW,MAA,BLR,2026-09-24 13:30:00,2026-09-24 13:40:00,2026-09-24 14:53:00,,Departed,AI
FT202609240154,IX8467,VT-AAM,LKO,DEL,2026-09-25 20:10:00,2026-09-25 20:17:00,2026-09-25 21:13:00,2026-09-25 21:23:00,Landed,IX
FT202609230155,AI9271,VT-AAC,COK,MAA,2026-09-24 08:00:00,2026-09-24 08:15:00,2026-09-24 09:11:00,2026-09-24 09:14:00,Landed,AI
FT202609240156,6E5321,VT-AAB,BLR,HYD,2026-09-25 16:10:00,2026-09-25 17:21:00,2026-09-25 17:10:00,,Delayed,6E
FT202609250157,AI4761,VT-AAC,JAI,DEL,2026-09-25 22:00:00,2026-09-25 22:12:00,2026-09-25 22:58:00,,Departed,AI
FT202609250158,QP5738,VT-AAG,DEL,JAI,2026-09-24 13:00:00,,2026-09-24 14:00:00,,Canceled,QP
FT202609250159,6E4550,VT-AAA,BOM,DEL,2026-09-24 17:00:00,2026-09-24 17:18:00,2026-09-24 18:58:00,2026-09-24 19:18:00,Landed,6E
FT202609230160,AI2350,VT-AAD,MAA,BOM,2026-09-25 09:40:00,2026-09-25 10:16:00,2026-09-25 11:17:00,,Delayed,AI
FT202609250161,AI9008,VT-AAC,HYD,BOM,2026-09-24 10:30:00,,2026-09-24 12:14:00,,Scheduled,AI
FT202609250162,9I6609,VT-ABT,CCU,DEL,2026-09-24 22:40:00,2026-09-24 22:52:00,2026-09-25 00:54:00,2026-09-25 01:00:00,Landed,9I
FT202609250163,6E8687,VT-AAB,ATQ,DEL,2026-09-24 11:20:00,2026-09-24 12:16:00,2026-09-24 12:38:00,,Delayed,6E
FT202609250164,6E3187,VT-ABL,MAA,BOM,2026-09-25 09:50:00,2026-09-25 09:56:00,2026-09-25 11:21:00,,Departed,6E
FT202609230165,AI4314,VT-AAV,HYD,BOM,2026-09-25 07:10:00,2026-09-25 07:27:00,2026-09-25 08:33:00,,Delayed,AI
FT202609230166,6E1409,VT-AAP,VGA,HYD,2026-09-24 08:50:00,2026-09-24 09:02:00,2026-09-24 09:53:00,2026-09-24 10:09:00,Landed,6E
FT202609230167,AI7522,VT-AAD,HYD,BOM,2026-09-23 19:10:00,2026-09-23 19:52:00,2026-09-23 21:00:00,,Delayed,AI
FT202609250168,6E2465,VT-AAY,DEL,AMD,2026-09-23 20:10:00,,2026-09-23 21:42:00,,Scheduled,6E
FT202609240169,9I4247,VT-AAQ,BOM,DEL,2026-09-25 05:00:00,2026-09-25 05:18:00,2026-09-25 07:00:00,2026-09-25 07:18:00,Landed,9I
FT202609240170,9I2679,VT-ABT,MAA,BOM,2026-09-25 09:40:00,2026-09-25 10:15:00,2026-09-25 11:24:00,,Delayed,9I
FT202609240171,IX3054,VT-ABB,LKO,JAI,2026-09-23 16:40:00,2026-09-23 16:51:00,2026-09-23 17:58:00,2026-09-23 18:03:00,Landed,IX
FT202609240172,6E3014,VT-ABL,BLR,MAA,2026-09-25 14:50:00,2026-09-25 14:50:00,2026-09-25 16:17:00,2026-09-25 16:27:00,Landed,6E
FT202609240173,6E5105,VT-AAY,GAU,DEL,2026-09-24 16:00:00,2026-09-24 16:15:00,2026-09-24 18:18:00,2026-09-24 18:37:00,Landed,6E
FT202609250174,6E8641,VT-ABQ,COK,MAA,2026-09-24 22:40:00,2026-09-24 22:43:00,2026-09-24 23:44:00,2026-09-25 00:05:00,Landed,6E
FT202609230175,UK8180,VT-AAH,MAA,BOM,2026-09-24 21:50:00,2026-09-24 22:06:00,2026-09-24 23:30:00,2026-09-24 23:32:00,Landed,UK
FT202609240176,AI7720,VT-ABR,JAI,DEL,2026-09-23 17:00:00,2026-09-23 17:58:00,2026-09-23 17:58:00,,Delayed,AI
FT202609240177,6E1546,VT-AAA,HYD,BLR,2026-09-24 11:30:00,2026-09-24 11:34:00,2026-09-24 12:22:00,2026-09-24 12:27:00,Landed,6E
FT202609230178,9I4666,VT-ABT,GAU,CCU,2026-09-24 20:10:00,2026-09-24 20:15:00,2026-09-24 21:25:00,,Departed,9I
FT202609250179,9I5914,VT-ABD,MAA,COK,2026-09-25 18:30:00,2026-09-25 18:31:00,2026-09-25 19:45:00,2026-09-25 19:56:00,Landed,9I
FT202609250180,6E3561,VT-ABA,MAA,BLR,2026-09-25 10:40:00,2026-09-25 11:40:00,2026-09-25 11:39:00,,Delayed,6E
FT202609250181,AI7533,VT-AAC,DEL,BLR,2026-09-25 13:20:00,2026-09-25 13:25:00,2026-09-25 16:29:00,2026-09-25 16:49:00,Landed,AI
FT202609240182,9I3285,VT-ABT,BBI,CCU,2026-09-23 08:50:00,2026-09-23 08:58:00,2026-09-23 10:18:00,2026-09-23 10:37:00,Landed,9I
FT202609250183,IX2971,VT-AAM,HYD,BLR,2026-09-25 05:40:00,2026-09-25 05:44:00,2026-09-25 06:46:00,2026-09-25 06:52:00,Landed,IX
FT202609230184,6E5657,VT-ABH,AMD,BOM,2026-09-24 05:50:00,2026-09-24 06:06:00,2026-09-24 06:51:00,2026-09-24 07:15:00,Landed,6E
FT202609250185,SG9590,VT-ABP,BOM,PNQ,2026-09-23 20:40:00,,2026-09-23 21:26:00,,Scheduled,SG
FT202609240186,6E3526,VT-AAR,COK,BLR,2026-09-24 08:10:00,2026-09-24 08:22:00,2026-09-24 09:12:00,,Delayed,6E
FT202609240187,AI4183,VT-ABG,ATQ,DEL,2026-09-25 18:30:00,2026-09-25 18:46:00,2026-09-25 19:54:00,,Departed,AI
FT202609250188,IX273,VT-AAM,BOM,COK,2026-09-25 21:30:00,2026-09-25 22:39:00,2026-09-25 23:54:00,,Delayed,IX
FT202609250189,6E3267,VT-ABQ,DEL,JAI,2026-09-25 09:00:00,2026-09-25 09:00:00,2026-09-25 10:04:00,2026-09-25 10:15:00,Landed,6E
FT202609250190,AI9383,VT-AAD,BLR,MAA,2026-09-23 13:20:00,2026-09-23 13:29:00,2026-09-23 14:36:00,2026-09-23 14:48:00,Landed,AI
FT202609240191,IX9302,VT-AAM,DEL,JAI,2026-09-25 06:00:00,2026-09-25 06:10:00,2026-09-25 07:00:00,2026-09-25 07:01:00,Landed,IX
FT202609240192,AI9793,VT-ABG,BOM,HYD,2026-09-23 14:20:00,2026-09-23 14:32:00,2026-09-23 15:53:00,2026-09-23 16:10:00,Landed,AI
FT202609250193,AI5495,VT-ABR,BOM,MAA,2026-09-23 05:00:00,,2026-09-23 06:46:00,,Scheduled,AI
FT202609250194,UK9395,VT-AAH,COK,MAA,2026-09-25 14:00:00,2026-09-25 14:16:00,2026-09-25 15:13:00,2026-09-25 15:36:00,Landed,UK
FT202609250195,6E5247,VT-AAR,BOM,HYD,2026-09-24 14:40:00,2026-09-24 15:16:00,2026-09-24 16:22:00,,Delayed,6E
FT202609250196,SG5919,VT-AAO,BOM,MAA,2026-09-24 06:00:00,2026-09-24 06:26:00,2026-09-24 08:03:00,,Delayed,SG
FT202609230197,QP3515,VT-AAG,CCU,DEL,2026-09-25 18:00:00,2026-09-25 18:07:00,2026-09-25 20:00:00,2026-09-25 20:01:00,Landed,QP
FT202609230198,IX191,VT-ABN,DEL,PNQ,2026-09-25 22:10:00,,2026-09-26 00:19:00,,Scheduled,IX
FT202609250199,6E9889,VT-AAJ,COK,MAA,2026-09-23 07:10:00,2026-09-23 07:22:00,2026-09-23 08:34:00,2026-09-23 08:54:00,Landed,6E
FT202609240200,QP9625,VT-AAG,DEL,ATQ,2026-09-25 09:10:00,2026-09-25 09:14:00,2026-09-25 10:36:00,2026-09-25 10:45:00,Landed,QP
FT202609240201,6E7989,VT-ABL,DEL,ATQ,2026-09-25 15:00:00,2026-09-25 15:08:00,2026-09-25 16:26:00,,Departed,6E
FT202609230202,AI1753,VT-ABO,ATQ,DEL,2026-09-23 21:00:00,2026-09-23 22:25:00,2026-09-23 22:11:00,,Delayed,AI
FT202609240203,6E907,VT-ABH,HYD,VGA,2026-09-23 17:10:00,2026-09-23 17:11:00,2026-09-23 18:11:00,2026-09-23 18:32:00,Landed,6E
FT202609250204,6E8231,VT-AAX,DEL,ATQ,2026-09-23 12:10:00,,2026-09-23 13:19:00,,Scheduled,6E
FT202609230205,SG9064,VT-ABF,BLR,MAA,2026-09-24 18:50:00,2026-09-24 19:06:00,2026-09-24 19:59:00,2026-09-24 20:18:00,Landed,SG
FT202609240206,9I5330,VT-ABD,PNQ,BOM,2026-09-23 20:40:00,2026-09-23 20:52:00,2026-09-23 21:32:00,2026-09-23 21:54:00,Landed,9I
FT202609240207,6E3639,VT-ABA,BLR,BOM,2026-09-24 22:40:00,2026-09-24 22:46:00,2026-09-25 00:27:00,2026-09-25 00:47:00,Landed,6E
FT202609250208,6E3695,VT-ABE,HYD,DEL,2026-09-25 13:00:00,2026-09-25 13:49:00,2026-09-25 15:12:00,,Delayed,6E
FT202609230209,QP6617,VT-AAF,CCU,DEL,2026-09-25 22:30:00,2026-09-25 22:32:00,2026-09-26 00:32:00,2026-09-26 00:37:00,Landed,QP
FT202609250210,AI3557,VT-AAW,CCU,DEL,2026-09-24 05:10:00,2026-09-24 05:23:00,2026-09-24 07:10:00,2026-09-24 07:17:00,Landed,AI
FT202609250211,6E960,VT-ABH,ATQ,DEL,2026-09-24 12:10:00,2026-09-24 12:21:00,2026-09-24 13:35:00,2026-09-24 13:58:00,Landed,6E
FT202609250212,6E1319,VT-AAB,BLR,MAA,2026-09-25 12:30:00,2026-09-25 12:33:00,2026-09-25 13:38:00,2026-09-25 13:50:00,Landed,6E
FT202609250213,SG5784,VT-ABF,MAA,COK,2026-09-23 17:50:00,2026-09-23 18:04:00,2026-09-23 18:55:00,,Departed,SG
FT202609230214,QP7741,VT-AAG,MAA,HYD,2026-09-23 12:40:00,2026-09-23 12:51:00,2026-09-23 14:03:00,2026-09-23 14:10:00,Landed,QP
FT202609240215,6E2799,VT-ABM,HYD,MAA,2026-09-24 08:00:00,2026-09-24 08:07:00,2026-09-24 09:14:00,2026-09-24 09:25:00,Landed,6E
FT202609240216,6E7474,VT-ABM,BOM,AMD,2026-09-23 08:20:00,,2026-09-23 09:34:00,,Scheduled,6E
FT202609250217,QP8424,VT-ABK,DEL,JAI,2026-09-24 10:00:00,2026-09-24 10:11:00,2026-09-24 11:07:00,2026-09-24 11:15:00,Landed,QP
FT202609240218,IX969,VT-AAE,LKO,JAI,2026-09-24 14:10:00,,2026-09-24 15:37:00,,Canceled,IX
FT202609250219,6E7291,VT-ABM,GAU,DEL,2026-09-23 14:50:00,2026-09-23 14:58:00,2026-09-23 17:31:00,2026-09-23 17:36:00,Landed,6E
FT202609250220,QP5566,VT-ABK,PNQ,BOM,2026-09-24 18:10:00,2026-09-24 18:16:00,2026-09-24 19:10:00,2026-09-24 19:23:00,Landed,QP
FT202609250221,6E7204,VT-AAR,HYD,DEL,2026-09-23 09:10:00,,2026-09-23 11:13:00,,Scheduled,6E
FT202609230222,6E7170,VT-AAK,HYD,BOM,2026-09-23 07:20:00,2026-09-23 07:43:00,2026-09-23 09:05:00,,Delayed,6E
FT202609230223,6E522,VT-AAT,JAI,DEL,2026-09-25 05:30:00,2026-09-25 05:46:00,2026-09-25 06:22:00,,Departed,6E
FT202609230224,IX3224,VT-AAM,BOM,HYD,2026-09-25 08:20:00,,2026-09-25 10:03:00,,Scheduled,IX
FT202609230225,6E8873,VT-ABS,LKO,DEL,2026-09-25 17:10:00,2026-09-25 17:23:00,2026-09-25 18:25:00,2026-09-25 18:35:00,Landed,6E
FT202609240226,6E4262,VT-ABC,MAA,BLR,2026-09-25 22:10:00,2026-09-25 22:42:00,2026-09-25 23:33:00,,Delayed,6E
FT202609240227,SG9253,VT-ABF,AMD,DEL,2026-09-25 19:10:00,2026-09-25 19:16:00,2026-09-25 20:39:00,2026-09-25 20:56:00,Landed,SG
FT202609230228,AI7315,VT-AAU,BOM,BLR,2026-09-24 20:10:00,2026-09-24 20:28:00,2026-09-24 22:05:00,,Departed,AI
FT202609230229,QP3333,VT-AAF,DEL,LKO,2026-09-24 18:10:00,,2026-09-24 19:02:00,,Scheduled,QP
FT202609230230,AI4039,VT-ABG,PNQ,DEL,2026-09-23 06:50:00,2026-09-23 06:54:00,2026-09-23 08:49:00,2026-09-23 08:51:00,Landed,AI
FT202609240231,9I7759,VT-ABT,BOM,HYD,2026-09-23 17:00:00,2026-09-23 17:11:00,2026-09-23 18:27:00,,Departed,9I
FT202609240232,AI3488,VT-AAU,BOM,DEL,2026-09-24 18:20:00,,2026-09-24 20:28:00,,Scheduled,AI
FT202609250233,6E1291,VT-AAR,DEL,LKO,2026-09-24 18:50:00,,2026-09-24 20:04:00,,Scheduled,6E
FT202609250234,AI5481,VT-AAD,BOM,BLR,2026-09-24 14:50:00,2026-09-24 15:13:00,2026-09-24 16:49:00,,Delayed,AI
FT202609250235,6E2396,VT-ABA,ATQ,DEL,2026-09-23 18:30:00,2026-09-23 19:58:00,2026-09-23 19:31:00,,Delayed,6E
FT202609250236,AI3156,VT-AAC,COK,BOM,2026-09-25 09:20:00,,2026-09-25 11:33:00,,Scheduled,AI
FT202609240237,IX8208,VT-AAM,CCU,BBI,2026-09-23 13:50:00,2026-09-23 14:01:00,2026-09-23 15:08:00,,Departed,IX
FT202609230238,6E7871,VT-AAP,DEL,BLR,2026-09-23 05:40:00,,2026-09-23 08:36:00,,Scheduled,6E
FT202609250239,IX2001,VT-AAM,DEL,LKO,2026-09-25 09:30:00,2026-09-25 09:37:00,2026-09-25 10:41:00,2026-09-25 10:50:00,Landed,IX
FT202609230240,6E5375,VT-ABH,LKO,JAI,2026-09-25 15:40:00,2026-09-25 15:57:00,2026-09-25 17:22:00,,Departed,6E
FT202609250241,6E5481,VT-AAP,AMD,DEL,2026-09-24 10:10:00,2026-09-24 10:18:00,2026-09-24 11:37:00,2026-09-24 11:42:00,Landed,6E
FT202609240242,6E6044,VT-AAP,DEL,GAU,2026-09-25 19:00:00,2026-09-25 19:04:00,2026-09-25 21:23:00,2026-09-25 21:34:00,Landed,6E
FT202609230243,AI8469,VT-AAW,COK,BOM,2026-09-23 08:30:00,,2026-09-23 10:47:00,,Canceled,AI
FT202609250244,6E3300,VT-ABL,JAI,DEL,2026-09-23 09:50:00,,2026-09-23 10:49:00,,Scheduled,6E
FT202609250245,9I4918,VT-ABD,MAA,DEL,2026-09-23 10:50:00,2026-09-23 10:56:00,2026-09-23 13:40:00,2026-09-23 13:50:00,Landed,9I
FT202609230246,6E1177,VT-AAP,LKO,DEL,2026-09-25 13:10:00,2026-09-25 13:24:00,2026-09-25 14:24:00,2026-09-25 14:24:00,Landed,6E
FT202609240247,6E227,VT-ABQ,MAA,COK,2026-09-24 05:30:00,2026-09-24 05:40:00,2026-09-24 06:48:00,2026-09-24 07:00:00,Landed,6E
FT202609230248,6E2232,VT-AAX,JAI,DEL,2026-09-25 20:30:00,,2026-09-25 21:19:00,,Canceled,6E
FT202609240249,IX8532,VT-AAM,COK,BOM,2026-09-25 17:30:00,,2026-09-25 19:35:00,,Scheduled,IX
FT202609240250,6E5149,VT-ABE,HYD,BOM,2026-09-24 21:00:00,2026-09-24 21:03:00,2026-09-24 22:39:00,2026-09-24 22:57:00,Landed,6E
FT202609230251,AI2475,VT-AAV,MAA,BOM,2026-09-25 13:50:00,,2026-09-25 15:33:00,,Scheduled,AI
FT202609250252,AI948,VT-AAV,DEL,JAI,2026-09-23 14:30:00,2026-09-23 14:32:00,2026-09-23 15:32:00,2026-09-23 15:48:00,Landed,AI
FT202609230253,6E5733,VT-ABC,COK,MAA,2026-09-24 17:50:00,2026-09-24 18:04:00,2026-09-24 19:01:00,2026-09-24 19:18:00,Landed,6E
FT202609240254,6E3247,VT-AAR,BOM,AMD,2026-09-25 11:40:00,2026-09-25 11:57:00,2026-09-25 12:57:00,2026-09-25 13:21:00,Landed,6E
FT202609250255,IX2805,VT-ABB,MAA,HYD,2026-09-25 18:00:00,2026-09-25 18:17:00,2026-09-25 19:19:00,,Departed,IX
FT202609250256,6E8476,VT-ABH,AMD,DEL,2026-09-24 09:40:00,,2026-09-24 11:06:00,,Scheduled,6E
FT202609250257,AI3621,VT-AAC,MAA,BOM,2026-09-25 12:10:00,,2026-09-25 13:55:00,,Canceled,AI
FT202609240258,6E6908,VT-ABE,PNQ,BOM,2026-09-23 09:20:00,,2026-09-23 10:00:00,,Scheduled,6E
FT202609230259,6E1558,VT-ABH,DEL,BLR,2026-09-23 05:10:00,2026-09-23 05:24:00,2026-09-23 08:12:00,2026-09-23 08:36:00,Landed,6E
FT202609240260,AI9439,VT-ABO,PNQ,BOM,2026-09-24 17:40:00,,2026-09-24 18:37:00,,Scheduled,AI
FT202609230261,UK735,VT-AAH,AMD,BOM,2026-09-24 16:30:00,2026-09-24 16:35:00,2026-09-24 17:28:00,2026-09-24 17:38:00,Landed,UK
FT202609240262,QP1528,VT-AAF,JAI,DEL,2026-09-25 17:20:00,,2026-09-25 18:28:00,,Scheduled,QP
FT202609250263,QP6982,VT-AAZ,JAI,DEL,2026-09-25 18:50:00,,2026-09-25 19:49:00,,Scheduled,QP
FT202609230264,SG9419,VT-ABF,VGA,HYD,2026-09-24 12:30:00,2026-09-24 12:38:00,2026-09-24 13:30:00,2026-09-24 13:33:00,Landed,SG
FT202609230265,QP9506,VT-AAF,DEL,LKO,2026-09-25 21:20:00,2026-09-25 21:35:00,2026-09-25 22:36:00,2026-09-25 22:53:00,Landed,QP
FT202609230266,6E2162,VT-ABC,HYD,BLR,2026-09-24 09:40:00,2026-09-24 09:44:00,2026-09-24 10:41:00,2026-09-24 10:54:00,Landed,6E
FT202609250267,IX5628,VT-ABB,PNQ,BOM,2026-09-24 13:30:00,,2026-09-24 14:16:00,,Scheduled,IX
FT202609240268,9I6766,VT-ABD,DEL,BOM,2026-09-24 06:50:00,2026-09-24 06:54:00,2026-09-24 09:25:00,,Departed,9I
FT202609230269,AI5646,VT-AAU,COK,BOM,2026-09-24 16:50:00,2026-09-24 17:21:00,2026-09-24 18:50:00,,Delayed,AI
FT202609230270,AI3836,VT-AAU,COK,BLR,2026-09-25 15:40:00,2026-09-25 16:14:00,2026-09-25 16:40:00,,Delayed,AI
FT202609250271,AI790,VT-ABO,HYD,VGA,2026-09-24 09:10:00,2026-09-24 10:30:00,2026-09-24 10:15:00,,Delayed,AI
FT202609230272,6E6828,VT-AAJ,DEL,HYD,2026-09-25 05:00:00,2026-09-25 06:17:00,2026-09-25 07:01:00,,Delayed,6E
FT202609250273,6E7775,VT-ABA,DEL,HYD,2026-09-25 07:50:00,2026-09-25 08:07:00,2026-09-25 10:03:00,2026-09-25 10:09:00,Landed,6E
FT202609240274,6E8686,VT-AAY,JAI,LKO,2026-09-23 19:10:00,2026-09-23 19:26:00,2026-09-23 20:45:00,2026-09-23 21:06:00,Landed,6E
FT202609240275,IX6951,VT-ABB,BLR,DEL,2026-09-25 17:30:00,2026-09-25 17:45:00,2026-09-25 20:26:00,2026-09-25 20:48:00,Landed,IX
FT202609240276,IX5378,VT-AAM,BLR,HYD,2026-09-25 15:10:00,2026-09-25 15:35:00,2026-09-25 16:32:00,,Delayed,IX
FT202609240277,SG1751,VT-AAO,AMD,DEL,2026-09-23 16:50:00,,2026-09-23 18:20:00,,Canceled,SG
FT202609230278,SG1449,VT-ABF,COK,BOM,2026-09-24 16:20:00,2026-09-24 16:31:00,2026-09-24 18:19:00,,Departed,SG
FT202609250279,9I211,VT-AAQ,DEL,LKO,2026-09-25 12:50:00,2026-09-25 12:59:00,2026-09-25 13:45:00,2026-09-25 13:50:00,Landed,9I
FT202609250280,AI5251,VT-ABR,BLR,BOM,2026-09-24 17:40:00,,2026-09-24 19:05:00,,Scheduled,AI
FT202609230281,AI5682,VT-AAC,BLR,DEL,2026-09-25 17:50:00,2026-09-25 18:08:00,2026-09-25 20:50:00,,Departed,AI
FT202609250282,IX1222,VT-AAM,DEL,BLR,2026-09-25 11:10:00,,2026-09-25 14:04:00,,Scheduled,IX
FT202609250283,IX8967,VT-ABN,DEL,PNQ,2026-09-25 14:00:00,2026-09-25 14:11:00,2026-09-25 15:59:00,2026-09-25 16:07:00,Landed,IX
FT202609250284,IX9949,VT-AAE,COK,BLR,2026-09-24 14:30:00,2026-09-24 14:47:00,2026-09-24 15:30:00,2026-09-24 15:54:00,Landed,IX
FT202609240285,9I4249,VT-ABT,BOM,DEL,2026-09-25 18:30:00,2026-09-25 18:38:00,2026-09-25 20:31:00,2026-09-25 20:38:00,Landed,9I
FT202609240286,6E4923,VT-ABS,AMD,BOM,2026-09-24 19:50:00,2026-09-24 20:08:00,2026-09-24 21:01:00,2026-09-24 21:15:00,Landed,6E
FT202609230287,IX1450,VT-AAM,BLR,MAA,2026-09-25 17:40:00,2026-09-25 17:51:00,2026-09-25 18:44:00,2026-09-25 18:57:00,Landed,IX
FT202609240288,IX5850,VT-AAE,BLR,MAA,2026-09-25 14:10:00,2026-09-25 14:10:00,2026-09-25 15:37:00,,Departed,IX
FT202609240289,AI4566,VT-AAC,DEL,BLR,2026-09-24 21:10:00,2026-09-24 21:14:00,2026-09-24 23:57:00,2026-09-25 00:05:00,Landed,AI
FT202609250290,6E6090,VT-ABC,BLR,DEL,2026-09-24 15:30:00,2026-09-24 15:47:00,2026-09-24 18:12:00,2026-09-24 18:29:00,Landed,6E
FT202609250291,IX1446,VT-AAM,ATQ,DEL,2026-09-25 21:50:00,2026-09-25 21:51:00,2026-09-25 22:55:00,2026-09-25 23:04:00,Landed,IX
FT202609230292,6E3870,VT-AAR,DEL,PNQ,2026-09-23 13:10:00,2026-09-23 13:10:00,2026-09-23 15:31:00,2026-09-23 15:52:00,Landed,6E
FT202609250293,6E380,VT-ABA,BLR,COK,2026-09-23 20:00:00,2026-09-23 20:01:00,2026-09-23 21:14:00,2026-09-23 21:32:00,Landed,6E
FT202609230294,SG1479,VT-ABF,DEL,BLR,2026-09-24 07:40:00,2026-09-24 07:48:00,2026-09-24 10:26:00,2026-09-24 10:36:00,Landed,SG
FT202609240295,6E1792,VT-ABQ,DEL,AMD,2026-09-24 08:30:00,,2026-09-24 10:00:00,,Scheduled,6E
FT202609230296,AI7267,VT-AAU,DEL,JAI,2026-09-23 11:10:00,2026-09-23 11:26:00,2026-09-23 12:20:00,2026-09-23 12:32:00,Landed,AI
FT202609230297,QP9583,VT-AAZ,DEL,ATQ,2026-09-24 05:50:00,2026-09-24 05:51:00,2026-09-24 07:05:00,,Departed,QP
FT202609230298,6E7217,VT-AAR,HYD,BOM,2026-09-25 17:10:00,,2026-09-25 18:40:00,,Scheduled,6E
FT202609230299,QP1745,VT-AAF,BLR,MAA,2026-09-25 13:40:00,2026-09-25 13:53:00,2026-09-25 14:56:00,2026-09-25 15:03:00,Landed,QP
FT202609230300,SG1728,VT-ABF,MAA,COK,2026-09-25 11:20:00,2026-09-25 12:27:00,2026-09-25 12:44:00,,Delayed,SG
